{
    "name": "root",
    "gauges": {
        "Chaser.Policy.Entropy.mean": {
            "value": 0.2134450227022171,
            "min": 0.2056274116039276,
            "max": 1.9453638792037964,
            "count": 220
        },
        "Chaser.Policy.Entropy.sum": {
            "value": 2134.4501953125,
            "min": 2062.854248046875,
            "max": 354420.125,
            "count": 220
        },
        "Chaser.Environment.EpisodeLength.mean": {
            "value": 32.34680134680135,
            "min": 19.780040733197556,
            "max": 358.7142857142857,
            "count": 220
        },
        "Chaser.Environment.EpisodeLength.sum": {
            "value": 9607.0,
            "min": 7025.0,
            "max": 205798.0,
            "count": 220
        },
        "Chaser.Self-play.ELO.mean": {
            "value": 1863.454272447584,
            "min": 1207.3853048301703,
            "max": 1863.454272447584,
            "count": 220
        },
        "Chaser.Self-play.ELO.sum": {
            "value": 553445.9189169324,
            "min": 34582.60264686816,
            "max": 862483.963746571,
            "count": 220
        },
        "Chaser.Step.mean": {
            "value": 2199995.0,
            "min": 9999.0,
            "max": 2199995.0,
            "count": 220
        },
        "Chaser.Step.sum": {
            "value": 2199995.0,
            "min": 9999.0,
            "max": 2199995.0,
            "count": 220
        },
        "Chaser.Policy.ExtrinsicValueEstimate.mean": {
            "value": 0.7277756929397583,
            "min": -0.037242405116558075,
            "max": 0.8376261591911316,
            "count": 220
        },
        "Chaser.Policy.ExtrinsicValueEstimate.sum": {
            "value": 237.2548828125,
            "min": -6.629148006439209,
            "max": 403.31085205078125,
            "count": 220
        },
        "Chaser.Environment.CumulativeReward.mean": {
            "value": 0.8352188531196478,
            "min": -1.379322673043897,
            "max": 0.8980797536534034,
            "count": 220
        },
        "Chaser.Environment.CumulativeReward.sum": {
            "value": 248.05999937653542,
            "min": -42.75900286436081,
            "max": 439.1609995365143,
            "count": 220
        },
        "Chaser.Policy.ExtrinsicReward.mean": {
            "value": 0.8352188531196478,
            "min": -1.379322673043897,
            "max": 0.8980797536534034,
            "count": 220
        },
        "Chaser.Policy.ExtrinsicReward.sum": {
            "value": 248.05999937653542,
            "min": -42.75900286436081,
            "max": 439.1609995365143,
            "count": 220
        },
        "Chaser.IsTraining.mean": {
            "value": 1.0,
            "min": 1.0,
            "max": 1.0,
            "count": 220
        },
        "Chaser.IsTraining.sum": {
            "value": 1.0,
            "min": 1.0,
            "max": 1.0,
            "count": 220
        },
        "Chaser.Losses.PolicyLoss.mean": {
            "value": 0.019012491855149468,
            "min": 0.015184782771393656,
            "max": 0.035267678136005995,
            "count": 214
        },
        "Chaser.Losses.PolicyLoss.sum": {
            "value": 0.019012491855149468,
            "min": 0.015184782771393656,
            "max": 0.035267678136005995,
            "count": 214
        },
        "Chaser.Losses.ValueLoss.mean": {
            "value": 0.011980228188137213,
            "min": 0.004644919528315464,
            "max": 0.07935789376497268,
            "count": 214
        },
        "Chaser.Losses.ValueLoss.sum": {
            "value": 0.011980228188137213,
            "min": 0.004644919528315464,
            "max": 0.07935789376497268,
            "count": 214
        },
        "Chaser.Policy.LearningRate.mean": {
            "value": 0.0002780365973211366,
            "min": 0.0002780365973211366,
            "max": 0.00029989721003426323,
            "count": 214
        },
        "Chaser.Policy.LearningRate.sum": {
            "value": 0.0002780365973211366,
            "min": 0.0002780365973211366,
            "max": 0.00029989721003426323,
            "count": 214
        },
        "Chaser.Policy.Epsilon.mean": {
            "value": 0.19267886333333337,
            "min": 0.19267886333333337,
            "max": 0.1999657366666667,
            "count": 214
        },
        "Chaser.Policy.Epsilon.sum": {
            "value": 0.19267886333333337,
            "min": 0.19267886333333337,
            "max": 0.1999657366666667,
            "count": 214
        },
        "Chaser.Policy.Beta.mean": {
            "value": 0.009268618446999999,
            "min": 0.009268618446999999,
            "max": 0.009996577093000001,
            "count": 214
        },
        "Chaser.Policy.Beta.sum": {
            "value": 0.009268618446999999,
            "min": 0.009268618446999999,
            "max": 0.009996577093000001,
            "count": 214
        },
        "Runner.Policy.Entropy.mean": {
            "value": 0.3225724995136261,
            "min": 0.3225724995136261,
            "max": 1.945278286933899,
            "count": 220
        },
        "Runner.Policy.Entropy.sum": {
            "value": 3230.88623046875,
            "min": 3224.303955078125,
            "max": 409909.03125,
            "count": 220
        },
        "Runner.Environment.EpisodeLength.mean": {
            "value": 59.35151515151515,
            "min": 24.58458531818737,
            "max": 159.36065573770492,
            "count": 220
        },
        "Runner.Environment.EpisodeLength.sum": {
            "value": 9793.0,
            "min": 7275.0,
            "max": 207367.0,
            "count": 220
        },
        "Runner.Self-play.ELO.mean": {
            "value": 792.7586274507163,
            "min": 789.782437336703,
            "max": 1052.345145729211,
            "count": 220
        },
        "Runner.Self-play.ELO.sum": {
            "value": 130805.17352936818,
            "min": 55733.84244439373,
            "max": 279298.3570634896,
            "count": 220
        },
        "Runner.Step.mean": {
            "value": 2199980.0,
            "min": 9986.0,
            "max": 2199980.0,
            "count": 220
        },
        "Runner.Step.sum": {
            "value": 2199980.0,
            "min": 9986.0,
            "max": 2199980.0,
            "count": 220
        },
        "Runner.Policy.ExtrinsicValueEstimate.mean": {
            "value": -0.5246471762657166,
            "min": -0.7295548915863037,
            "max": -0.20739004015922546,
            "count": 220
        },
        "Runner.Policy.ExtrinsicValueEstimate.sum": {
            "value": -130.1125030517578,
            "min": -237.92233276367188,
            "max": -38.574546813964844,
            "count": 220
        },
        "Runner.Environment.CumulativeReward.mean": {
            "value": -0.6878302848700321,
            "min": -0.8536867441901241,
            "max": -0.18789185140583967,
            "count": 220
        },
        "Runner.Environment.CumulativeReward.sum": {
            "value": -113.4919970035553,
            "min": -283.4239990711212,
            "max": -12.218997031450272,
            "count": 220
        },
        "Runner.Policy.ExtrinsicReward.mean": {
            "value": -0.6878302848700321,
            "min": -0.8536867441901241,
            "max": -0.18789185140583967,
            "count": 220
        },
        "Runner.Policy.ExtrinsicReward.sum": {
            "value": -113.4919970035553,
            "min": -283.4239990711212,
            "max": -12.218997031450272,
            "count": 220
        },