{
    "name": "root",
    "gauges": {
        "Runner.Policy.Entropy.mean": {
            "value": 1.7961090803146362,
            "min": 1.781042218208313,
            "max": 1.9453001022338867,
            "count": 105
        },
        "Runner.Policy.Entropy.sum": {
            "value": 18449.6328125,
            "min": 17573.4140625,
            "max": 214063.90625,
            "count": 105
        },
        "Runner.Environment.EpisodeLength.mean": {
            "value": 96.36274509803921,
            "min": 51.52,
            "max": 553.3529411764706,
            "count": 105
        },
        "Runner.Environment.EpisodeLength.sum": {
            "value": 9829.0,
            "min": 6594.0,
            "max": 107440.0,
            "count": 105
        },
        "Runner.Self-play.ELO.mean": {
            "value": 924.181213256688,
            "min": 924.181213256688,
            "max": 1218.4826543976585,
            "count": 105
        },
        "Runner.Self-play.ELO.sum": {
            "value": 94266.48375218218,
            "min": 20582.31993891045,
            "max": 188921.9899617668,
            "count": 105
        },
        "Runner.Step.mean": {
            "value": 1049998.0,
            "min": 9946.0,
            "max": 1049998.0,
            "count": 105
        },
        "Runner.Step.sum": {
            "value": 1049998.0,
            "min": 9946.0,
            "max": 1049998.0,
            "count": 105
        },
        "Runner.Policy.ExtrinsicValueEstimate.mean": {
            "value": -5.035610198974609,
            "min": -5.446824073791504,
            "max": 1.445395588874817,
            "count": 105
        },
        "Runner.Policy.ExtrinsicValueEstimate.sum": {
            "value": -1042.371337890625,
            "min": -1421.62109375,
            "max": 244.2718505859375,
            "count": 105
        },
        "Runner.Environment.CumulativeReward.mean": {
            "value": -8.814714624016892,
            "min": -9.56527599066496,
            "max": 15.306027200486925,
            "count": 105
        },
        "Runner.Environment.CumulativeReward.sum": {
            "value": -899.100891649723,
            "min": -1913.0551981329918,
            "max": 275.50848960876465,
            "count": 105
        },
        "Runner.Policy.ExtrinsicReward.mean": {
            "value": -8.814714624016892,
            "min": -9.56527599066496,
            "max": 15.306027200486925,
            "count": 105
        },
        "Runner.Policy.ExtrinsicReward.sum": {
            "value": -899.100891649723,
            "min": -1913.0551981329918,
            "max": 275.50848960876465,
            "count": 105
        },
        "Runner.IsTraining.mean": {
            "value": 1.0,
            "min": 1.0,
            "max": 1.0,
            "count": 105
        },
        "Runner.IsTraining.sum": {
            "value": 1.0,
            "min": 1.0,
            "max": 1.0,
            "count": 105
        },
        "Runner.Losses.PolicyLoss.mean": {
            "value": 0.016792261321097613,
            "min": 0.012104461047177514,
            "max": 0.024221789510920643,
            "count": 51
        },
        "Runner.Losses.PolicyLoss.sum": {
            "value": 0.016792261321097613,
            "min": 0.012104461047177514,
            "max": 0.024221789510920643,
            "count": 51
        },
        "Runner.Losses.ValueLoss.mean": {
            "value": 1.9549528121948243,
            "min": 0.8783969740072887,
            "max": 3.2258973121643066,
            "count": 51
        },
        "Runner.Losses.ValueLoss.sum": {
            "value": 1.9549528121948243,
            "min": 0.8783969740072887,
            "max": 3.2258973121643066,
            "count": 51
        },
        "Runner.Policy.LearningRate.mean": {
            "value": 0.00028952822349059327,
            "min": 0.00028952822349059327,
            "max": 0.0002997948100683967,
            "count": 51
        },
        "Runner.Policy.LearningRate.sum": {
            "value": 0.00028952822349059327,
            "min": 0.00028952822349059327,
            "max": 0.0002997948100683967,
            "count": 51
        },
        "Runner.Policy.Epsilon.mean": {
            "value": 0.19650940666666664,
            "min": 0.19650940666666664,
            "max": 0.19993160333333326,
            "count": 51
        },
        "Runner.Policy.Epsilon.sum": {
            "value": 0.19650940666666664,
            "min": 0.19650940666666664,
            "max": 0.19993160333333326,
            "count": 51
        },
        "Runner.Policy.Beta.mean": {
            "value": 0.09650975572600003,
            "min": 0.09650975572600003,
            "max": 0.09993161017299998,
            "count": 51
        },
        "Runner.Policy.Beta.sum": {
            "value": 0.09650975572600003,
            "min": 0.09650975572600003,
            "max": 0.09993161017299998,
            "count": 51
        },
        "Chaser.Policy.Entropy.mean": {
            "value": 1.5080220699310303,
            "min": 1.5080220699310303,
            "max": 1.9454710483551025,
            "count": 66
        },
        "Chaser.Policy.Entropy.sum": {
            "value": 14959.5791015625,
            "min": 14959.5791015625,
            "max": 313609.9375,
            "count": 66
        },
        "Chaser.Environment.EpisodeLength.mean": {
            "value": 46.84976525821596,
            "min": 43.347639484978544,
            "max": 484.8181818181818,
            "count": 66
        },
        "Chaser.Environment.EpisodeLength.sum": {
            "value": 9979.0,
            "min": 7329.0,
            "max": 156408.0,
            "count": 66
        },
        "Chaser.Step.mean": {
            "value": 659991.0,
            "min": 9967.0,
            "max": 659991.0,
            "count": 66
        },
        "Chaser.Step.sum": {
            "value": 659991.0,
            "min": 9967.0,
            "max": 659991.0,
            "count": 66
        },
        "Chaser.Policy.ExtrinsicValueEstimate.mean": {
            "value": 1.356024146080017,
            "min": -0.6330193877220154,
            "max": 1.3631566762924194,
            "count": 66
        },
        "Chaser.Policy.ExtrinsicValueEstimate.sum": {
            "value": 359.3464050292969,
            "min": -105.08121490478516,
            "max": 365.32598876953125,
            "count": 66
        },
        "Chaser.Self-play.ELO.mean": {
            "value": 1688.4692025466334,
            "min": 1191.079982892967,
            "max": 1688.4692025466334,
            "count": 66
        },
        "Chaser.Self-play.ELO.sum": {
            "value": 359643.9401424329,
            "min": 19142.99748378924,
            "max": 382726.2868221855,
            "count": 66
        },
        "Chaser.Environment.CumulativeReward.mean": {
            "value": 1.729033108589784,
            "min": -6.08236228017246,
            "max": 1.7529161195130818,
            "count": 66
        },
        "Chaser.Environment.CumulativeReward.sum": {
            "value": 366.55501902103424,
            "min": -118.82935985922813,
            "max": 408.4294558465481,
            "count": 66
        },
        "Chaser.Policy.ExtrinsicReward.mean": {
            "value": 1.729033108589784,
            "min": -6.08236228017246,
            "max": 1.7529161195130818,
            "count": 66
        },
        "Chaser.Policy.ExtrinsicReward.sum": {
            "value": 366.55501902103424,
            "min": -118.82935985922813,
            "max": 408.4294558465481,
            "count": 66
        },
        "Chaser.IsTraining.mean": {
            "value": 1.0,
            "min": 1.0,
            "max": 1.0,