{
    "name": "root",
    "gauges": {
        "Runner.Policy.Entropy.mean": {
            "value": 0.9113921523094177,
            "min": 0.3512272536754608,
            "max": 1.9457957744598389,
            "count": 223
        },
        "Runner.Policy.Entropy.sum": {
            "value": 9128.50390625,
            "min": 3495.41357421875,
            "max": 379332.03125,
            "count": 223
        },
        "Runner.Environment.EpisodeLength.mean": {
            "value": 59.6219512195122,
            "min": 40.739495798319325,
            "max": 594.875,
            "count": 223
        },
        "Runner.Environment.EpisodeLength.sum": {
            "value": 9778.0,
            "min": 5327.0,
            "max": 207303.0,
            "count": 223
        },
        "Runner.Self-play.ELO.mean": {
            "value": 930.0589002283785,
            "min": 866.1814850570174,
            "max": 1237.7888080196974,
            "count": 223
        },
        "Runner.Self-play.ELO.sum": {
            "value": 152529.65963745408,
            "min": 18912.085378046853,
            "max": 212886.73989762308,
            "count": 223
        },
        "Runner.Step.mean": {
            "value": 2229942.0,
            "min": 9990.0,
            "max": 2229942.0,
            "count": 223
        },
        "Runner.Step.sum": {
            "value": 2229942.0,
            "min": 9990.0,
            "max": 2229942.0,
            "count": 223
        },
        "Runner.Policy.ExtrinsicValueEstimate.mean": {
            "value": -0.4677684009075165,
            "min": -0.6648165583610535,
            "max": 0.41989976167678833,
            "count": 223
        },
        "Runner.Policy.ExtrinsicValueEstimate.sum": {
            "value": -111.79664611816406,
            "min": -169.54469299316406,
            "max": 73.8368911743164,
            "count": 223
        },
        "Runner.Environment.CumulativeReward.mean": {
            "value": -0.6995454408905722,
            "min": -0.7929327673270923,
            "max": 3.853125127032399,
            "count": 223
        },
        "Runner.Environment.CumulativeReward.sum": {
            "value": -115.42499774694443,
            "min": -188.71799862384796,
            "max": 69.08400243520737,
            "count": 223
        },
        "Runner.Policy.ExtrinsicReward.mean": {
            "value": -0.6995454408905722,
            "min": -0.7929327673270923,
            "max": 3.853125127032399,
            "count": 223
        },
        "Runner.Policy.ExtrinsicReward.sum": {
            "value": -115.42499774694443,
            "min": -188.71799862384796,
            "max": 69.08400243520737,
            "count": 223
        },
        "Runner.IsTraining.mean": {
            "value": 1.0,
            "min": 1.0,
            "max": 1.0,
            "count": 223
        },
        "Runner.IsTraining.sum": {
            "value": 1.0,
            "min": 1.0,
            "max": 1.0,
            "count": 223
        },
        "Runner.Losses.PolicyLoss.mean": {
            "value": 0.01340314936824143,
            "min": 0.010031170289342603,
            "max": 0.02480692871225377,
            "count": 108
        },
        "Runner.Losses.PolicyLoss.sum": {
            "value": 0.01340314936824143,
            "min": 0.010031170289342603,
            "max": 0.02480692871225377,
            "count": 108
        },
        "Runner.Losses.ValueLoss.mean": {
            "value": 0.03415870542327563,
            "min": 0.008421528277297814,
            "max": 0.10989808465043703,
            "count": 108
        },
        "Runner.Losses.ValueLoss.sum": {
            "value": 0.03415870542327563,
            "min": 0.008421528277297814,
            "max": 0.10989808465043703,
            "count": 108
        },
        "Runner.Policy.LearningRate.mean": {
            "value": 0.0003,
            "min": 0.0003,
            "max": 0.0003,
            "count": 108
        },
        "Runner.Policy.LearningRate.sum": {
            "value": 0.0003,
            "min": 0.0003,
            "max": 0.0003,
            "count": 108
        },
        "Runner.Policy.Epsilon.mean": {
            "value": 0.20000000000000007,
            "min": 0.20000000000000007,
            "max": 0.20000000000000007,
            "count": 108
        },
        "Runner.Policy.Epsilon.sum": {
            "value": 0.20000000000000007,
            "min": 0.20000000000000007,
            "max": 0.20000000000000007,
            "count": 108
        },
        "Runner.Policy.Beta.mean": {
            "value": 0.005000000000000001,
            "min": 0.005000000000000001,
            "max": 0.005000000000000001,
            "count": 108
        },
        "Runner.Policy.Beta.sum": {
            "value": 0.005000000000000001,
            "min": 0.005000000000000001,
            "max": 0.005000000000000001,
            "count": 108
        },
        "Chaser.Policy.Entropy.mean": {
            "value": 0.2832680940628052,
            "min": 0.2832680940628052,
            "max": 1.94585382938385,
            "count": 140
        },
        "Chaser.Policy.Entropy.sum": {
            "value": 2882.5361328125,
            "min": 2817.6337890625,
            "max": 605425.1875,
            "count": 140
        },
        "Chaser.Environment.EpisodeLength.mean": {
            "value": 51.28865979381443,
            "min": 36.1360294117647,
            "max": 555.1176470588235,
            "count": 140
        },
        "Chaser.Environment.EpisodeLength.sum": {
            "value": 9950.0,
            "min": 7891.0,
            "max": 304570.0,
            "count": 140
        },
        "Chaser.Step.mean": {
            "value": 1399989.0,
            "min": 9965.0,
            "max": 1399989.0,
            "count": 140
        },
        "Chaser.Step.sum": {
            "value": 1399989.0,
            "min": 9965.0,
            "max": 1399989.0,
            "count": 140
        },
        "Chaser.Policy.ExtrinsicValueEstimate.mean": {
            "value": 0.5785913467407227,
            "min": -0.20487160980701447,
            "max": 0.6981750130653381,
            "count": 140
        },
        "Chaser.Policy.ExtrinsicValueEstimate.sum": {
            "value": 146.38360595703125,
            "min": -34.00868606567383,
            "max": 197.26644897460938,
            "count": 140
        },
        "Chaser.Self-play.ELO.mean": {
            "value": 1793.6183857922526,
            "min": 1164.863567119889,
            "max": 1815.5990135442235,
            "count": 140
        },
        "Chaser.Self-play.ELO.sum": {
            "value": 347961.966843697,
            "min": 18890.112872003672,
            "max": 486716.3339396721,
            "count": 140
        },
        "Chaser.Environment.CumulativeReward.mean": {
            "value": 0.7405257629057795,
            "min": -3.4140001270506115,
            "max": 0.8164816096644191,
            "count": 140
        },
        "Chaser.Environment.CumulativeReward.sum": {
            "value": 143.66199800372124,
            "min": -65.0680026113987,
            "max": 222.082997828722,
            "count": 140
        },
        "Chaser.Policy.ExtrinsicReward.mean": {
            "value": 0.7405257629057795,
            "min": -3.4140001270506115,
            "max": 0.8164816096644191,
            "count": 140
        },
        "Chaser.Policy.ExtrinsicReward.sum": {
            "value": 143.66199800372124,
            "min": -65.0680026113987,
            "max": 222.082997828722,
            "count": 140
        },
        "Chaser.IsTraining.mean": {
            "value": 1.0,
            "min": 1.0,
            "max": 1.0,