{
    "name": "root",
    "gauges": {
        "Chaser.Policy.Entropy.mean": {
            "value": 1.6641141176223755,
            "min": 1.6641141176223755,
            "max": 1.9454572200775146,
            "count": 45
        },
        "Chaser.Policy.Entropy.sum": {
            "value": 16481.38671875,
            "min": 16481.38671875,
            "max": 310400.71875,
            "count": 45
        },
        "Chaser.Environment.EpisodeLength.mean": {
            "value": 54.37777777777778,
            "min": 54.37777777777778,
            "max": 457.76190476190476,
            "count": 45
        },
        "Chaser.Environment.EpisodeLength.sum": {
            "value": 9788.0,
            "min": 7751.0,
            "max": 154559.0,
            "count": 45
        },
        "Chaser.Self-play.ELO.mean": {
            "value": 1558.2229636399898,
            "min": 1204.225630931894,
            "max": 1558.2229636399898,
            "count": 45
        },
        "Chaser.Self-play.ELO.sum": {
            "value": 280480.13345519814,
            "min": 25288.73824956978,
            "max": 285164.83300128183,
            "count": 45
        },
        "Chaser.Step.mean": {
            "value": 449979.0,
            "min": 9948.0,
            "max": 449979.0,
            "count": 45
        },
        "Chaser.Step.sum": {
            "value": 449979.0,
            "min": 9948.0,
            "max": 449979.0,
            "count": 45
        },
        "Chaser.Policy.ExtrinsicValueEstimate.mean": {
            "value": 1.2023112773895264,
            "min": -0.3703829050064087,
            "max": 1.2344684600830078,
            "count": 45
        },
        "Chaser.Policy.ExtrinsicValueEstimate.sum": {
            "value": 300.57781982421875,
            "min": -62.96509552001953,
            "max": 313.55499267578125,
            "count": 45
        },
        "Chaser.Environment.CumulativeReward.mean": {
            "value": 1.681870298012675,
            "min": -4.206944445768992,
            "max": 1.681870298012675,
            "count": 45
        },
        "Chaser.Environment.CumulativeReward.sum": {
            "value": 301.0547833442688,
            "min": -113.09184688329697,
            "max": 308.2327671945095,
            "count": 45
        },
        "Chaser.Policy.ExtrinsicReward.mean": {
            "value": 1.681870298012675,
            "min": -4.206944445768992,
            "max": 1.681870298012675,
            "count": 45
        },
        "Chaser.Policy.ExtrinsicReward.sum": {
            "value": 301.0547833442688,
            "min": -113.09184688329697,
            "max": 308.2327671945095,
            "count": 45
        },
        "Chaser.IsTraining.mean": {
            "value": 1.0,
            "min": 1.0,
            "max": 1.0,
            "count": 45
        },
        "Chaser.IsTraining.sum": {
            "value": 1.0,
            "min": 1.0,
            "max": 1.0,
            "count": 45
        },
        "Chaser.Losses.PolicyLoss.mean": {
            "value": 0.01821147455678632,
            "min": 0.014784392737783491,
            "max": 0.020435141997101405,
            "count": 21
        },
        "Chaser.Losses.PolicyLoss.sum": {
            "value": 0.01821147455678632,
            "min": 0.014784392737783491,
            "max": 0.020435141997101405,
            "count": 21
        },
        "Chaser.Losses.ValueLoss.mean": {
            "value": 0.0864274228612582,
            "min": 0.07733729705214501,
            "max": 0.16278735001881917,
            "count": 21
        },
        "Chaser.Losses.ValueLoss.sum": {
            "value": 0.0864274228612582,
            "min": 0.07733729705214501,
            "max": 0.16278735001881917,
            "count": 21
        },
        "Chaser.Policy.LearningRate.mean": {
            "value": 0.00029569269143577,
            "min": 0.00029569269143577,
            "max": 0.00029979492006836,
            "count": 21
        },
        "Chaser.Policy.LearningRate.sum": {
            "value": 0.00029569269143577,
            "min": 0.00029569269143577,
            "max": 0.00029979492006836,
            "count": 21
        },
        "Chaser.Policy.Epsilon.mean": {
            "value": 0.19856422999999995,
            "min": 0.19856422999999995,
            "max": 0.19993164000000002,
            "count": 21
        },
        "Chaser.Policy.Epsilon.sum": {
            "value": 0.19856422999999995,
            "min": 0.19856422999999995,
            "max": 0.19993164000000002,
            "count": 21
        },
        "Chaser.Policy.Beta.mean": {
            "value": 0.09856437357700003,
            "min": 0.09856437357700003,
            "max": 0.09993164683600003,
            "count": 21
        },
        "Chaser.Policy.Beta.sum": {
            "value": 0.09856437357700003,
            "min": 0.09856437357700003,
            "max": 0.09993164683600003,
            "count": 21
        },
        "Runner.Policy.Entropy.mean": {
            "value": 1.9092602729797363,
            "min": 1.8980377912521362,
            "max": 1.9455265998840332,
            "count": 31
        },
        "Runner.Policy.Entropy.sum": {
            "value": 306734.125,
            "min": 18707.060546875,
            "max": 313147.28125,
            "count": 31
        },
        "Runner.Environment.EpisodeLength.mean": {
            "value": 74.96211031175059,
            "min": 74.96211031175059,
            "max": 446.0952380952381,
            "count": 31
        },
        "Runner.Environment.EpisodeLength.sum": {
            "value": 156296.0,
            "min": 7733.0,
            "max": 157167.0,
            "count": 31
        },
        "Runner.Self-play.ELO.mean": {
            "value": 967.3287087640765,
            "min": 967.3287087640765,
            "max": 1161.5190156766337,
            "count": 31
        },
        "Runner.Self-play.ELO.sum": {
            "value": 85124.92637123873,
            "min": 23790.50524743118,
            "max": 85124.92637123873,
            "count": 31
        },
        "Runner.Step.mean": {
            "value": 309966.0,
            "min": 9965.0,
            "max": 309966.0,
            "count": 31
        },
        "Runner.Step.sum": {
            "value": 309966.0,
            "min": 9965.0,
            "max": 309966.0,
            "count": 31
        },
        "Runner.Policy.ExtrinsicValueEstimate.mean": {
            "value": 4.121904373168945,
            "min": -0.010302235372364521,
            "max": 6.439021110534668,
            "count": 31
        },
        "Runner.Policy.ExtrinsicValueEstimate.sum": {
            "value": 857.3560791015625,
            "min": -1.7822866439819336,
            "max": 1171.90185546875,
            "count": 31
        },
        "Runner.Environment.CumulativeReward.mean": {
            "value": -1.1684116392650388,
            "min": -1.1684116392650388,
            "max": 67.6154636754876,
            "count": 31
        },
        "Runner.Environment.CumulativeReward.sum": {
            "value": -102.82022425532341,
            "min": -102.82022425532341,
            "max": 1561.0862208604813,
            "count": 31
        },
        "Runner.Policy.ExtrinsicReward.mean": {
            "value": -1.1684116392650388,
            "min": -1.1684116392650388,
            "max": 67.6154636754876,
            "count": 31
        },
        "Runner.Policy.ExtrinsicReward.sum": {
            "value": -102.82022425532341,
            "min": -102.82022425532341,
            "max": 1561.0862208604813,
            "count": 31
        },
        "Runner.IsTraining.mean": {
            "value": 1.0,
            "min": 1.0,
            "max": 1.0,