{
    "name": "root",
    "gauges": {
        "Runner.Policy.Entropy.mean": {
            "value": 0.6172744035720825,
            "min": 0.40789246559143066,
            "max": 1.9290168285369873,
            "count": 160
        },
        "Runner.Policy.Entropy.sum": {
            "value": 6261.63134765625,
            "min": 4078.9248046875,
            "max": 370422.3125,
            "count": 160
        },
        "Runner.Step.mean": {
            "value": 1599952.0,
            "min": 9969.0,
            "max": 1599952.0,
            "count": 160
        },
        "Runner.Step.sum": {
            "value": 1599952.0,
            "min": 9969.0,
            "max": 1599952.0,
            "count": 160
        },
        "Runner.Policy.ExtrinsicValueEstimate.mean": {
            "value": -0.4594547152519226,
            "min": -0.7655695080757141,
            "max": 0.5930411219596863,
            "count": 160
        },
        "Runner.Policy.ExtrinsicValueEstimate.sum": {
            "value": -100.6205825805664,
            "min": -303.93109130859375,
            "max": 99.03787231445312,
            "count": 160
        },
        "Runner.Environment.EpisodeLength.mean": {
            "value": 80.23577235772358,
            "min": 24.544757033248082,
            "max": 595.125,
            "count": 160
        },
        "Runner.Environment.EpisodeLength.sum": {
            "value": 9869.0,
            "min": 7839.0,
            "max": 205679.0,
            "count": 160
        },
        "Runner.Self-play.ELO.mean": {
            "value": 821.7160850487965,
            "min": 821.7160850487965,
            "max": 1270.2265607679872,
            "count": 160
        },
        "Runner.Self-play.ELO.sum": {
            "value": 101071.07846100196,
            "min": 19323.491749779954,
            "max": 393289.46584987093,
            "count": 160
        },
        "Runner.Environment.CumulativeReward.mean": {
            "value": -0.596604819259336,
            "min": -0.8745882341928799,
            "max": 3.852937636896968,
            "count": 160
        },
        "Runner.Environment.CumulativeReward.sum": {
            "value": -73.97899758815765,
            "min": -341.96399956941605,
            "max": 65.18900215625763,
            "count": 160
        },
        "Runner.Policy.ExtrinsicReward.mean": {
            "value": -0.596604819259336,
            "min": -0.8745882341928799,
            "max": 3.852937636896968,
            "count": 160
        },
        "Runner.Policy.ExtrinsicReward.sum": {
            "value": -73.97899758815765,
            "min": -341.96399956941605,
            "max": 65.18900215625763,
            "count": 160
        },
        "Runner.Losses.PolicyLoss.mean": {
            "value": 0.06856392659246921,
            "min": 0.059530540683772414,
            "max": 0.07852773094006504,
            "count": 160
        },
        "Runner.Losses.PolicyLoss.sum": {
            "value": 0.3428196329623461,
            "min": 0.24702450274101767,
            "max": 0.3926386547003252,
            "count": 160
        },
        "Runner.Losses.ValueLoss.mean": {
            "value": 0.027239336511896306,
            "min": 0.004913964135387991,
            "max": 0.05286048412233133,
            "count": 160
        },
        "Runner.Losses.ValueLoss.sum": {
            "value": 0.13619668255948153,
            "min": 0.021597373016750982,
            "max": 0.26430242061165665,
            "count": 160
        },
        "Runner.Policy.LearningRate.mean": {
            "value": 0.000284047421317528,
            "min": 0.000284047421317528,
            "max": 0.0002999480225173258,
            "count": 160
        },
        "Runner.Policy.LearningRate.sum": {
            "value": 0.0014202371065876402,
            "min": 0.00113739908086698,
            "max": 0.0014992704302431898,
            "count": 160
        },
        "Runner.Policy.Epsilon.mean": {
            "value": 0.19468247200000002,
            "min": 0.19468247200000002,
            "max": 0.19998267416666668,
            "count": 160
        },
        "Runner.Policy.Epsilon.sum": {
            "value": 0.9734123600000001,
            "min": 0.7791330200000001,
            "max": 0.99975681,
            "count": 160
        },
        "Runner.Policy.Beta.mean": {
            "value": 0.0094687789528,
            "min": 0.0094687789528,
            "max": 0.009998269149249998,
            "count": 160
        },
        "Runner.Policy.Beta.sum": {
            "value": 0.047343894764,
            "min": 0.037915388698000006,
            "max": 0.049975705319,
            "count": 160
        },
        "Runner.IsTraining.mean": {
            "value": 1.0,
            "min": 1.0,
            "max": 1.0,
            "count": 160
        },
        "Runner.IsTraining.sum": {
            "value": 1.0,
            "min": 1.0,
            "max": 1.0,
            "count": 160
        },
        "Chaser.Policy.Entropy.mean": {
            "value": 0.3922177255153656,
            "min": 0.19890083372592926,
            "max": 1.9453753232955933,
            "count": 160
        },
        "Chaser.Policy.Entropy.sum": {
            "value": 3972.381103515625,
            "min": 2014.41015625,
            "max": 410645.375,
            "count": 160
        },
        "Chaser.Environment.EpisodeLength.mean": {
            "value": 31.203225806451613,
            "min": 19.891440501043842,
            "max": 523.351282051282,
            "count": 160
        },
        "Chaser.Environment.EpisodeLength.sum": {
            "value": 9673.0,
            "min": 8124.0,
            "max": 206775.0,
            "count": 160
        },
        "Chaser.Step.mean": {
            "value": 1599987.0,
            "min": 9987.0,
            "max": 1599987.0,
            "count": 160
        },
        "Chaser.Step.sum": {
            "value": 1599987.0,
            "min": 9987.0,
            "max": 1599987.0,
            "count": 160
        },
        "Chaser.Policy.ExtrinsicValueEstimate.mean": {
            "value": 0.731768012046814,
            "min": -0.39262744784355164,
            "max": 0.8347760438919067,
            "count": 160
        },
        "Chaser.Policy.ExtrinsicValueEstimate.sum": {
            "value": 245.87405395507812,
            "min": -65.96141052246094,
            "max": 399.49127197265625,
            "count": 160
        },
        "Chaser.Losses.PolicyLoss.mean": {
            "value": 0.0689269619450594,
            "min": 0.05976704253504674,
            "max": 0.08399140148734052,
            "count": 160
        },
        "Chaser.Losses.PolicyLoss.sum": {
            "value": 0.344634809725297,
            "min": 0.23907117871567607,
            "max": 0.4199570074367026,
            "count": 160
        },
        "Chaser.Losses.ValueLoss.mean": {
            "value": 0.014338281281137219,
            "min": 0.005317145487060771,
            "max": 0.0389449972504129,
            "count": 160
        },
        "Chaser.Losses.ValueLoss.sum": {
            "value": 0.0716914064056861,
            "min": 0.026585727435303852,
            "max": 0.1947249862520645,
            "count": 160
        },
        "Chaser.Policy.LearningRate.mean": {
            "value": 0.00028404489131837133,
            "min": 0.00028404489131837133,
            "max": 0.000299937525020825,
            "count": 160
        },
        "Chaser.Policy.LearningRate.sum": {
            "value": 0.0014202244565918567,
            "min": 0.0011377983607338867,
            "max": 0.001499214560261813,
            "count": 160
        },
        "Chaser.Policy.Epsilon.mean": {
            "value": 0.19468162866666666,